source,target
Ode to Joy (Wilco album),Wilco (The Album)
Ode to Joy (Wilco album),Wilco discography
Ode to Joy (Wilco album),Being There (Wilco album)
Ode to Joy (Wilco album),Wilco
Ode to Joy (Wilco album),Glenn Kotche
Ode to Joy (Wilco album),Jeff Tweedy
Ode to Joy (Wilco album),Schmilco
Ode to Joy (Wilco album),Cruel Country
Uncle Tupelo,Tweedy (band)
Uncle Tupelo,Jay Farrar
Uncle Tupelo,Jeff Tweedy discography
Uncle Tupelo,Son Volt
Uncle Tupelo,Jeff Tweedy
Uncle Tupelo,Wilco
Uncle Tupelo,John Stirratt
Uncle Tupelo,Mike Heidorn
Uncle Tupelo,Jay Farrar discography
Uncle Tupelo,Ken Coomer
Uncle Tupelo,Tweedy
Jeff Tweedy discography,Tweedy (band)
Jeff Tweedy discography,Jeff Tweedy
Jeff Tweedy discography,Wilco discography
Jeff Tweedy discography,Wilco
Jeff Tweedy discography,Jay Farrar discography
Jeff Tweedy discography,Sukierae
Jeff Tweedy discography,Loose Fur
Jeff Tweedy discography,A Ghost Is Born
Star Wars (Wilco album),Yankee Hotel Foxtrot
Star Wars (Wilco album),Wilco (The Album)
Star Wars (Wilco album),Wilco discography
Star Wars (Wilco album),Wilco
Star Wars (Wilco album),Schmilco
Star Wars (Wilco album),Jeff Tweedy
Star Wars (Wilco album),Glenn Kotche
Star Wars (Wilco album),Man in the Sand
Son Volt,Jay Farrar
Son Volt,Jay Farrar discography
Son Volt,Mike Heidorn
Glenn Kotche,Yankee Hotel Foxtrot
Glenn Kotche,Sky Blue Sky
Glenn Kotche,Kicking Television: Live in Chicago
Glenn Kotche,Loose Fur
Glenn Kotche,Wilco
Glenn Kotche,A Ghost Is Born
Glenn Kotche,Cruel Country
Glenn Kotche,Jeff Tweedy
Glenn Kotche,Schmilco
Cruel Country,Wilco
Cruel Country,A.M. (Wilco album)
Cruel Country,Jeff Tweedy
Wilco (The Album),Wilco
Wilco (The Album),A.M. (Wilco album)
Wilco (The Album),Wilco discography
Wilco (The Album),Being There (Wilco album)
Wilco (The Album),Jeff Tweedy
Life's a Riot with Spy vs Spy,Billy Bragg discography
Life's a Riot with Spy vs Spy,Brewing Up with Billy Bragg
Life's a Riot with Spy vs Spy,Billy Bragg
Yankee Hotel Foxtrot,Wilco discography
Yankee Hotel Foxtrot,A.M. (Wilco album)
Yankee Hotel Foxtrot,Being There (Wilco album)
Yankee Hotel Foxtrot,Wilco
Yankee Hotel Foxtrot,Jeff Tweedy
Yankee Hotel Foxtrot,Loose Fur
Yankee Hotel Foxtrot,A Ghost Is Born
Yankee Hotel Foxtrot,I Am Trying to Break Your Heart: A Film About Wilco
Yankee Hotel Foxtrot,Kicking Television: Live in Chicago
Yankee Hotel Foxtrot,Jay Bennett
Yankee Hotel Foxtrot,Ken Coomer
Yankee Hotel Foxtrot,Mermaid Avenue Vol. II
Kicking Television: Live in Chicago,Sky Blue Sky
Kicking Television: Live in Chicago,Summerteeth
Kicking Television: Live in Chicago,Wilco
Kicking Television: Live in Chicago,Jeff Tweedy
Kicking Television: Live in Chicago,Wilco discography
Mermaid's Avenue,Mermaid Avenue
Mermaid's Avenue,Mermaid Avenue Vol. II
Mermaid's Avenue,Mermaid Avenue: The Complete Sessions
Mermaid's Avenue,Wilco
Mermaid's Avenue,Billy Bragg
Mermaid's Avenue,Woody Guthrie
Mermaid's Avenue,Jeff Tweedy
Sky Blue Sky,Wilco discography
Mermaid Avenue Vol. II,Grant Showbiz
Mermaid Avenue Vol. II,Mermaid Avenue
Mermaid Avenue Vol. II,Man in the Sand
Mermaid Avenue Vol. II,Mermaid Avenue: The Complete Sessions
Mermaid Avenue Vol. II,Wilco
Mermaid Avenue Vol. II,Billy Bragg discography
Mermaid Avenue Vol. II,Billy Bragg
Ken Coomer,Summerteeth
Ken Coomer,Wilco
Ken Coomer,Mermaid Avenue
Ken Coomer,John Stirratt
Ken Coomer,Jeff Tweedy
Schmilco,Wilco discography
Schmilco,Wilco
Schmilco,Jeff Tweedy
Jay Farrar discography,Jay Farrar
Jay Farrar discography,Wilco
Jay Farrar discography,Jeff Tweedy
Wilco discography,I Am Trying to Break Your Heart: A Film About Wilco
Wilco discography,Billy Bragg discography
Wilco discography,Summerteeth
Wilco discography,Wilco
Wilco discography,Jeff Tweedy
Wilco discography,A.M. (Wilco album)
Wilco discography,Being There (Wilco album)
A Ghost Is Born,Wilco
A Ghost Is Born,Jeff Tweedy
A Ghost Is Born,John Stirratt
Jay Bennett,I Am Trying to Break Your Heart: A Film About Wilco
Jay Bennett,Summerteeth
Jay Bennett,Wilco
Jay Bennett,Jeff Tweedy
Jay Bennett,Mermaid Avenue
Jay Bennett,Being There (Wilco album)
Tweedy (band),Jeff Tweedy
Tweedy (band),Wilco
Tweedy (band),Sukierae
Tweedy (band),Tweedy
Tweedy (band),Being There (Wilco album)
Jeff Tweedy,I Am Trying to Break Your Heart: A Film About Wilco
Jeff Tweedy,Jay Farrar
Jeff Tweedy,Sukierae
Jeff Tweedy,Summerteeth
Jeff Tweedy,Mike Heidorn
Jeff Tweedy,Loose Fur
Jeff Tweedy,Tweedy
Jeff Tweedy,Wilco
Jeff Tweedy,A.M. (Wilco album)
Jeff Tweedy,Being There (Wilco album)
Mike Heidorn,Jay Farrar
Being There (Wilco album),I Am Trying to Break Your Heart: A Film About Wilco
Being There (Wilco album),Summerteeth
Being There (Wilco album),Wilco
Being There (Wilco album),A.M. (Wilco album)
I Am Trying to Break Your Heart: A Film About Wilco,A.M. (Wilco album)
I Am Trying to Break Your Heart: A Film About Wilco,Wilco
Jay Farrar,Wilco
Loose Fur,Wilco
Mermaid Avenue,Grant Showbiz
Mermaid Avenue,Billy Bragg discography
Mermaid Avenue,Man in the Sand
Mermaid Avenue,Summerteeth
Mermaid Avenue,Mermaid Avenue: The Complete Sessions
Mermaid Avenue,Wilco
Mermaid Avenue,Woody Guthrie
Mermaid Avenue,Billy Bragg
Mermaid Avenue,John Stirratt
John Stirratt,Summerteeth
John Stirratt,Wilco
Brewing Up with Billy Bragg,Billy Bragg discography
Brewing Up with Billy Bragg,Billy Bragg
Mermaid Avenue: The Complete Sessions,Billy Bragg discography
Mermaid Avenue: The Complete Sessions,Man in the Sand
Mermaid Avenue: The Complete Sessions,Billy Bragg
Mermaid Avenue: The Complete Sessions,Wilco
Mermaid Avenue: The Complete Sessions,Woody Guthrie
Billy Bragg,Grant Showbiz
Billy Bragg,Billy Bragg discography
Billy Bragg,Man in the Sand
Billy Bragg,Wilco
Tweedy,Wilco
Billy Bragg discography,Grant Showbiz
A.M. (Wilco album),Wilco
Summerteeth,Wilco
